name,group,languages,content_id,fails,video,res
BeIN Sports 1,BeIN Sports,fr,bba1905fcd1c4975aec544047bf8e4cd23ce3fe0,0,h264 1280x720 25.000fps,HD
BeIN Sports 1,BeIN Sports,tr,118416583faa3fb4f03800173429b6b844b43a52,0,h264 1920x1080 25.000fps,FHD
BeIN Sports 1,BeIN Sports,,005a2f40458c51226e03d86fb3100ecbfbcd7c27,0,,
BeIN Sports 1,BeIN Sports,,a96a9a6ab8f4f624d66ece9fa566a5620ddd620d,0,,
BeIN Sports 2,BeIN Sports,fr,edb507e38394d614c9ff55805c9d354ae13210bc,0,h264 1280x720 25.000fps,HD
BeIN Sports 2,BeIN Sports,tr,48bee10b883f17c7186d60f1e8022dca0ba41a05,0,h264 1280x720 25.000fps,HD
BeIN Sports 2,BeIN Sports,,186a997787dcdb76f1b17e4dd5c55910d4847fa7,0,,
BeIN Sports 3,BeIN Sports,tr,ed81c333815247536edfcdb2755147e8c4144d62,0,h264 1920x1080 25.000fps,FHD
BeIN Sports 3,BeIN Sports,fr,731bd3336ec0986ff9100efe40dbaf1473a22cf8,0,hevc 1920x1080 50.000fps,FHD
BeIN Sports 4,BeIN Sports,tr,7683cd0cbacf55fa8b39c363219ffba1bc47cf9d,0,h264 1920x1080 25.000fps,FHD
BeIN Sports HABER,BeIN Sports,tr,47c1b3a68d03bd190fed521d144ad08fa0f195f3,0,h264 1920x1080 50.000fps,FHD
BeIN Sports XTRA,BeIN Sports,,92a7dcc55392efc6dd5d012c4ff3878891eb6a6e,0,h264 854x480 30.000fps,SD
Canal+ Sport,Canal+ Sport,po,cc7b8c39f70aa342248d02c8ab55bafdb4116ed7,0,h264 1920x1080 50.000fps,FHD
Canal+ Sport,Canal+ Sport,,690e4507176af4d8bffb730c8b76a1ce14f5d10e,0,h264 1920x1080 50.000fps,FHD
Canal+ Sport 1,Canal+ Sport,,88726be8ffe9c3f444f6bd986e17b43fa4c056be,0,,
Canal+ Sport 2,Canal+ Sport,po,6390b1ab967a25777ea2dde1d41b7400cc0601d3,0,h264 1920x1080 25.000fps,FHD
Canal+ Sport 2,Canal+ Sport,,fcaeee5dc1e826881c1a517e97f2836e730edf5b,0,,
Canal+ Sport 3,Canal+ Sport,po,3e87464ed8c42ed14464461ea08860a3040a8944,0,h264 1920x1080 25.000fps,FHD
Canal+ Sport 3,Canal+ Sport,,a4c67334b279d4aefa12020962abbe17fde7e16a,0,,
Canal+ Sport 4,Canal+ Sport,po,04448c3ca0b7518819491e468adbabc8a2551bd7,0,h264 1920x1080 25.000fps,FHD
DAZN,DAZN,sp,110d441ddc9713a7452588770d2bc85504672f47,0,h264 1920x1080 25.000fps,FHD
DAZN,DAZN,sp,8c8c1e047a1c5ed213ba74722a5345dc55c3c0eb,0,h264 1920x1080 50.000fps,FHD
DAZN,DAZN,en,eecc5001e1a46a2074cb7b78fcc9543e0e98a84e,0,,
DAZN 1,DAZN,sp,7cf0086fa7d478f51dbba952865c79e66cb9add5,0,h264 1280x720 50.000fps,HD
DAZN 1,DAZN,sp,d5b2c6b940cf3df5e8f9dc6f000f0ea23a10b151,0,h264 1920x1080 25.000fps,FHD
DAZN 1,DAZN,sp,35c7f0c966ecde3390f4510bb4caded40018c07a,0,h264 1280x720 25.000fps,HD
DAZN 1,DAZN,sp,eaff9293c76a324c750ef5094c2a4e2c96518d1f,0,h264 1920x1080 25.000fps,FHD
DAZN 1 Bar,DAZN,de,897e73c9d578848f596585314ecb9ae067c0e229,0,h264 1920x1080 25.000fps,FHD
DAZN 2,DAZN,sp,b0eabe0fdd02fdd165896236765a9b753a2ff516,0,h264 1920x1080 25.000fps,FHD
DAZN 2,DAZN,sp,ca923c9873fd206a41c1e83ff8fc40e3cf323c9a,0,h264 1920x1080 25.000fps,FHD
DAZN 2,DAZN,sp,a929eeec1268d69d1556a2e3ace793b2577d8810,0,h264 960x540 25.000fps,SD
DAZN 2 Bar,DAZN,de,12ea555d431dbe51fc8e4ca745aec09fe22a4865,0,h264 1920x1080 25.000fps,FHD
DAZN 3,DAZN,sp,19cd05c7ae26f22737ae5728b571ca36abd8a2e8,0,h264 1920x1080 25.000fps,FHD
DAZN 3,DAZN,sp,d1d9ec2361a6ac8edc0b2841866383768cc28df9,0,mpeg2video 720x576 25.000fps,SD
DAZN 4,DAZN,sp,7e90956539f4e1318a63f3960e4f75c7c7c5a3b8,0,h264 1280x720 25.000fps,HD
DAZN 4,DAZN,sp,4e83f23945ab3e43982045f88ec31daaa4683102,0,h264 1280x720 25.000fps,HD
DAZN F1,DAZN,sp,9dad717d99b29a05672166258a77c25b57713dd5,0,h264 1920x1080 25.000fps,FHD
DAZN F1,DAZN,sp,71eef80158aa8b37f3dc59f6793c6696df9a2dfa,0,h264 1920x1080 25.000fps,FHD
DAZN F1,DAZN,sp,268289e7a3c5209960b53b4d43c8c65fab294b85,0,h264 1920x1080 25.000fps,FHD
DAZN F1,DAZN,sp,5789ca155323664edd293b848606688edf803f4d,0,h264 1920x1080 50.000fps,FHD
DAZN F1,DAZN,sp,e1fcad9de0c782c157fde6377805c58297ab65c2,0,h264 1280x720 25.000fps,HD
DAZN F1,DAZN,sp,2c6e4c897661e6b0257bfe931b66d20b2ec763b6,0,,
DAZN LaLiga,DAZN,sp,a3bca895c58d3fc7d5e4259d3d5e3cf0291d1914,0,h264 1280x720 25.000fps,HD
DAZN LaLiga,DAZN,sp,6de4794cd02f88f14354b5996823413a59a1de0f,0,h264 1920x1080 50.000fps,FHD
DAZN LaLiga,DAZN,sp,1960a9be8ae9e8c755330218eac4c5805466290a,0,,
DAZN LaLiga 2,DAZN,sp,51dbbfb42f8091e4ea7a2186b566a40e780953d9,0,h264 1280x720 25.000fps,HD
DAZN LaLiga 2,DAZN,sp,97ba38d47680954be40e48bd8f43e17222fefecb,0,h264 1920x1080 50.000fps,FHD
Dazn Pay-Per-View,DAZN,sp,7cf437be950f3525e735be57c63f7824cab822c9,0,,
Diema Sport 1,Diema Sport,,75ca8b97d36a9e086c2ed8145e33c00496fb6002,0,,
Diema Sport 2,Diema Sport,,62d2c4663aef06df2907e7373b9542e645fe23c5,0,,
Diema Sport 3,Diema Sport,,cc7fd7d3bed2c345abdf14e0c64e9b6618c0450f,0,,
Dubai Sports 2,Dubai Sports,ar,ebfb7c61b14f06ecafb80ba4cc170b0f47665b17,0,h264 1920x1080 25.000fps,FHD
Dubai Sports 2,Dubai Sports,,9aac97a46d0010c9afc615d4dd2ccdd7b92b552d,0,h264 1920x1080 25.000fps,FHD
Dubai Sports 3,Dubai Sports,ar,34a717795ab68429e61a2c4ef8b59ddcb458e4b1,0,h264 1920x1080 25.000fps,FHD
Dubai Sports 3,Dubai Sports,,e9ecd529d5ad21d6ab9e7ba2179dfd6abfa40db0,0,h264 1920x1080 25.000fps,FHD
Dubai Sports 3,Dubai Sports,,510f090464920044bc55df110316796a85466771,0,h264 1920x1080 25.000fps,FHD
Dubai Sports 3,Dubai Sports,,ec75e4c6cecf1e60a7c2d00accdf637744892cb1,0,h264 1920x1080 25.000fps,FHD
Dubai Sports 3,Dubai Sports,,0addcc896d5c6749ff262674f1d5c9b5f9e7be4b,0,h264 1920x1080 25.000fps,FHD
Eleven Sports 1,Eleven Sports,fr,36cad67fed5a739757a9db844a551aa845a8d51b,0,h264 1920x1080 50.000fps,FHD
Eleven Sports 1,Eleven Sports,po,14407b00d454cb7dc0d70aa26e8bbc554f457f00,0,h264 1920x1080 50.000fps,FHD
Eleven Sports 1,Eleven Sports,po,7ac2d74ef6df9d15012992d7e0e635a95f58c652,0,hevc 3840x2160 50.000fps,UHD
Eleven Sports 2,Eleven Sports,fr,d08013df6e437a1fdf1e0c34f573fdf6a40c7fce,0,h264 1920x1080 50.000fps,FHD
Eleven Sports 2,Eleven Sports,po,54a4a28882d3cae1ca19de5d4b022ebea40351f9,0,h264 1920x1080 50.000fps,FHD
Eleven Sports 3,Eleven Sports,po,b146ee4b6e16c9df58e27bd02ffd6cea840ff212,0,h264 1920x1080 25.000fps,FHD
Eleven Sports 3,Eleven Sports,fr,dae7d1251f069516cc0a9c8f15f6639d2a17df1e,0,h264 1920x1080 50.000fps,FHD
Eleven Sports 4,Eleven Sports,po,458a0ddd7d193f6d2750cd14d03a47f47a808e09,0,h264 1920x1080 25.000fps,FHD
Eleven Sports 4,Eleven Sports,fr,0f32c0131a2d9444996410801f4e18b04384db98,0,h264 1920x1080 50.000fps,FHD
Eleven Sports 5,Eleven Sports,fr,4dbe63b44fc4f439f5b634c0d2aa7e0cccad808a,0,h264 1920x1080 50.000fps,FHD
Eleven Sports 6,Eleven Sports,fr,50b6d2b5fd59fefb9f4fd2176994d418f2b94a80,0,h264 1920x1080 50.000fps,FHD
ESPN,ESPN,en,4b4907de51ec11087d4bed5876f2a0c68264f442,0,h264 1280x720 59.940fps,HD
ESPN,ESPN,nl,79f10c6c6168e42bfc606f3f7b9e5f3ca79dedab,0,h264 1920x1080 50.000fps,FHD
ESPN 2,ESPN,en,664eb5fe460b96941aed633959a845b185cd8394,0,h264 1280x720 59.940fps,HD
ESPN 2,ESPN,fr,3e0ba6867173f345d482d80c771f1a5dc3b37e63,0,h264 1920x1080 50.000fps,FHD
ESPN 4,ESPN,fr,5f9b19c57195cc28ab81e0ec8cad03b55118687a,0,h264 1920x1080 25.000fps,FHD
ESPN Vivo,ESPN,sp,https://b.tryelvis.shop/espnsap.m3u8?t=532,0,h264 1280x720 59.940fps,HD
EuroSport,EuroSport,,5e4cd48c79f991fcbee2de8b9d30c4b16de3b952,0,,
Eurosport 1,EuroSport,de,b8cad4710b1c3b2b84a82c1ece40c08517b8f766,0,h264 1920x1080 25.000fps,FHD
Eurosport 1,EuroSport,ru,1b0bc4d4dcd609d3c092712e721392b199f50a62,0,h264 1920x1080 25.000fps,FHD
Eurosport 1,EuroSport,,c1a81775e13929f3f6e70fd16aeec6140ce4b7f1,0,h264 1920x1080 25.000fps,FHD
Eurosport 1,EuroSport,,ca4dc049598c2146d594f652f22951dac5716a7c,0,h264 1920x1080 25.000fps,FHD
Eurosport 1,EuroSport,po,314eb626864faf52e01624361bd6906b5406127f,0,h264 1920x1080 50.000fps,FHD
Eurosport 1 CEE,EuroSport,,d761fe748f3c42f9cd27ed96cbcc77e371895c18,0,h264 1920x1080 25.000fps,FHD
Eurosport 1 CEE,EuroSport,,547ab7146a86d6119c9332c011669544720124e3,0,,
Eurosport 2,EuroSport,ru,6176281b9c46a5621a0e88524f8dc621f173b8e0,0,h264 1920x1080 25.000fps,FHD
Eurosport 2,EuroSport,de,ac675c82d6dfd4a201532c18b42e48dacb7c32c6,0,h264 1920x1080 50.000fps,FHD
Eurosport 2,EuroSport,po,7aa9cc819c6fa781dea6b4de3aa5393258b766d8,0,h264 1920x1080 50.000fps,FHD
Eurosport360 1,EuroSport,de,22df9a5fae8cae52fec925c2bb44b74f96a4200c,0,h264 1920x1080 25.000fps,FHD
Eurosport360 2,EuroSport,de,57f95543ac41656d473b1a27123fc413388a728c,0,h264 1920x1080 25.000fps,FHD
Eurosport360 3,EuroSport,de,7adbca42657ace1fe228142d351d0896974bbe0c,0,h264 1920x1080 25.000fps,FHD
Eurosport360 4,EuroSport,de,1b6b6c0ddc0534236b3bae78f41d2bc27cd11f64,0,h264 1920x1080 25.000fps,FHD
Eurosport360 5,EuroSport,de,148921c4dda96df445e253d6f26c4d092bf85809,0,h264 1920x1080 25.000fps,FHD
Eurosport360 6,EuroSport,de,005ac522315699bd93bbf743329eb2f3c347dc3f,0,h264 1920x1080 25.000fps,FHD
Eurosport360 7,EuroSport,de,b18657f64507cc859cd7edef1aef90feb053e791,0,h264 1920x1080 25.000fps,FHD
Eurosport360 8,EuroSport,de,8f4f572005ca2557743474087aa622693ba9b5fe,0,h264 1920x1080 25.000fps,FHD
Eurosport360 9,EuroSport,de,7993cecc31917793e2bfa2fe98faa9fe1ab62d47,0,h264 1920x1080 25.000fps,FHD
Fox Sports 1,Fox Sports,en,c9c062941fbecb16ce29437f346ea7177d720898,0,h264 1280x720 59.940fps,HD
Fox Sports 1,Fox Sports,,f981462d62513f9d37a402a69aa0e4940b7dfc1c,0,,
Fox Sports 2,Fox Sports,,ad6f4e8e329d6a97c7e7d7b0b8e5d04d8dd0bb48,0,h264 1280x720 29.970fps,HD
Fox Sports 2,Fox Sports,en,cba8d369eac629b577750edb90370cd1c5fb03b7,0,h264 1280x720 59.940fps,HD
Fox Sports 2,Fox Sports,,54487fee0ffef68b101de33982d8fded214c79f0,0,,
Fox Sports Premium,Fox Sports,,6994af284ecab2996f9b140ef44b8da8bfee0006,0,h264 1920x1080 29.970fps,FHD
LaLiga TV Bar,LaLiga TV Bar,sp,608b0faf7d3d25f6fe5dba13d5e4b4142949990e,0,h264 1920x1080 50.000fps,FHD
LaLiga TV Bar,LaLiga TV Bar,sp,94d34491106e00394835c8cb68aa94481339b53f,0,h264 1920x1080 50.000fps,FHD
Boxing TV,Lucha/Boxeo,ru,427c27fa7f3dbbcbc59ad9a7ef1cb797e0f88fcd,0,h264 1920x1080 25.000fps,FHD
Boxing TV,Lucha/Boxeo,ru,1acaf203502983cd2993c6835bf0cbde8d016c3d,0,h264 1920x1080 25.000fps,FHD
FightBox,Lucha/Boxeo,ru,49b734a5a3365674480089264be00ae28fabb640,0,h264 1920x1080 25.000fps,FHD
FightBox,Lucha/Boxeo,po,d9e5e213121f3ea7fbcb216b48c306cd935b017a,0,h264 1920x1080 50.000fps,FHD
Fightklub,Lucha/Boxeo,po,b73da828421018c98905ed05934b77ea35aa1b29,0,h264 1920x1080 50.000fps,FHD
M-1 Global,Lucha/Boxeo,ru,a7e4499c869037073c97deb47a50d1e7090b1c04,0,h264 1920x1080 25.000fps,FHD
M-1 Global,Lucha/Boxeo,ru,3fc677886985d705c9ac6b10bb86449e0dabebdc,0,h264 1980x1920 25.000fps,FHD
M-1 Global,Lucha/Boxeo,ru,2fa5c9503f5a4ce55b41d9153ed096afbc31e4f1,0,,
M-1 Global,Lucha/Boxeo,ru,f4987c5f5ac96ef23b7d4b04c12db4a39bbab63b,0,,
Swerve Sports,Lucha/Boxeo,,0b2a556a9b3ddc555d5a8cdeeb20788d455e02ec,0,h264 1920x1080 29.970fps,FHD
UFC,Lucha/Boxeo,ru,d2374e2375a4275738e0dbed2f47d0114ad1cb64,0,h264 1920x1080 25.000fps,FHD
M+ Deportes,M+ Deportes,sp,77d83a79afcf6c865289cd8cdb42223cd4b6501c,0,h264 1280x720 25.000fps,HD
M+ Deportes,M+ Deportes,sp,3a74d9869b13e763476800740c6625e715a39879,0,h264 1280x720 25.000fps,HD
M+ Deportes,M+ Deportes,sp,acb510858f34c3c6fd5f79395b031abd6885c2b3,0,h264 1920x1080 25.000fps,FHD
M+ Deportes,M+ Deportes,sp,55d4602cb22b0d8a33c10c2c2f42dae64a9e8895,0,h264 1920x1080 25.000fps,FHD
M+ Deportes,M+ Deportes,sp,d00223931b1854163e24c5c22475015d7d45c112,0,h264 1920x1080 25.000fps,FHD
M+ Deportes 2,M+ Deportes,sp,639c561dd57fa3fc91fde715caeb696c5efb7ce7,0,h264 1920x1080 25.000fps,FHD
M+ Deportes 3,M+ Deportes,sp,571bff4d12b1791eb99dbf20bec38e630693a6a3,0,h264 1920x1080 25.000fps,FHD
M+ Deportes 4,M+ Deportes,sp,b4d1308a61e4caf8c06ac3d6ce89d165c015c2fb,0,h264 1920x1080 25.000fps,FHD
M+ Deportes 5,M+ Deportes,sp,fcc0fd75bf1dba40b108fcf0d3514e0e549bfbac,0,h264 1920x1080 25.000fps,FHD
M+ Deportes 6,M+ Deportes,sp,cc5782d37ae6b6e0bab396dd64074982d0879046,0,h264 1920x1080 25.000fps,FHD
M+ Deportes 7,M+ Deportes,sp,070f82d6443a52962d6a2ed9954c979b29404932,0,h264 1920x1080 25.000fps,FHD
M+ LaLiga,M+ LaLiga,sp,1bc437bce57b4b0450f6d1f8d818b7e97000745e,0,h264 1280x720 50.000fps,HD
M+ LaLiga,M+ LaLiga,sp,cc9b7f5fe416069a2110da0909b0f915043c468b,0,h264 1920x1080 50.000fps,FHD
M+ LaLiga,M+ LaLiga,sp,6d05b31e5e8fdae312fbd57897363a7b10ddb163,0,h264 1920x1080 50.000fps,FHD
M+ LaLiga,M+ LaLiga,sp,d3de78aebe544611a2347f54d5796bd87f16c92d,0,h264 1920x1080 50.000fps,FHD
M+ LaLiga,M+ LaLiga,sp,d15a0eaf825b5f8f94259d5209688a7e97e6acde,0,h264 1920x1080 50.000fps,FHD
M+ LaLiga TV,M+ LaLiga,sp,f031f5728b32f6089dda28edebe990cf198108d8,0,h264 1280x720 50.000fps,HD
M+ LaLiga TV,M+ LaLiga,sp,7d8c87e057be98f00f22e23b23fbf08999e4b02f,0,h264 1920x1080 25.000fps,FHD
M+ LaLiga TV,M+ LaLiga,sp,dce1579e3a2e5bd29071fca8eae364f1eb3205cf,0,hevc 3840x2160 50.000fps,UHD
M+ LaLiga TV 2,M+ LaLiga,sp,26029f72a4ca831d09deefe89534818db1d105bc,0,h264 1280x720 25.000fps,HD
M+ Liga de Campeones,M+ Liga de Campeones,sp,8edb264520569b2280c5e86b2dc734e120032903,0,h264 1280x720 25.000fps,HD
M+ Liga de Campeones,M+ Liga de Campeones,sp,e572a5178ff72eed7d1d751a18b4b3419699f370,0,h264 1920x1080 25.000fps,FHD
M+ Liga de Campeones,M+ Liga de Campeones,sp,bb5a8bf7752e978460ee1710e5e8950a5c9e1f99,0,h264 1920x1080 25.000fps,FHD
M+ Liga de Campeones,M+ Liga de Campeones,sp,0f0850a62ecdc4f79eec221cbebad01f3e0242bc,0,h264 1920x1080 25.000fps,FHD
M+ Liga de Campeones,M+ Liga de Campeones,sp,775abd8697715c48a357906d40734ccd2a10513c,0,h264 1920x1080 25.000fps,FHD
M+ Liga de Campeones,M+ Liga de Campeones,sp,e2e2aca792aae5da19995ac516b1d620531bd49c,0,,
M+ Liga de Campeones 10,M+ Liga de Campeones,sp,c056f9e180cd7d40963129a17ff54f4ee8259353,0,h264 1920x1080 25.000fps,FHD
M+ Liga de Campeones 11,M+ Liga de Campeones,sp,a12a16f74cf12799d4475ae867dc61eb60e1ba2e,0,h264 1280x720 25.000fps,HD
M+ Liga de Campeones 12,M+ Liga de Campeones,sp,df7d145fcaf0566db4098d2f10236185d92bc9fd,0,h264 1280x720 25.000fps,HD
M+ Liga de Campeones 13,M+ Liga de Campeones,sp,bdfe9ebe62d690c1b13eef4346d72e618cfbe804,0,h264 1024x576 25.000fps,SD
M+ Liga de Campeones 2,M+ Liga de Campeones,sp,abdf9058786a48623d0de51a3adb414ae10b6e72,0,h264 1280x720 30.000fps,HD
M+ Liga de Campeones 2,M+ Liga de Campeones,sp,fc2fe31b0bce25e2dc7ab4d262bf645e2be5a393,0,h264 1920x1080 25.000fps,FHD
M+ Liga de Campeones 2,M+ Liga de Campeones,sp,c070cdb701fc46bb79d17568d99fc64620443d63,0,h264 1920x1080 50.000fps,FHD
M+ Liga de Campeones 3,M+ Liga de Campeones,sp,0b348cc1ae499e810729661878764a0fab88ab69,0,h264 1280x720 25.000fps,HD
M+ Liga de Campeones 3,M+ Liga de Campeones,sp,3618edda333dad5374ac2c801f5f14483934b97d,0,h264 1920x1080 50.000fps,FHD
M+ Liga de Campeones 4,M+ Liga de Campeones,sp,65a18a6bd83918a9586b673fec12405aaf4e9f7d,0,h264 1280x720 25.000fps,HD
M+ Liga de Campeones 5,M+ Liga de Campeones,sp,11744c25a594e17d587ed0871fe40ff21b4bd1e0,0,h264 1920x1080 25.000fps,FHD
M+ Liga de Campeones 6,M+ Liga de Campeones,sp,fdda1f0dd8c33fbdc5a66ab98e291f570cae67cd,0,h264 1024x576 25.000fps,SD
M+ Liga de Campeones 7,M+ Liga de Campeones,sp,b7f47db93dced60f54e8f89e2366ed061b534049,0,h264 1024x576 25.000fps,SD
M+ Liga de Campeones 8,M+ Liga de Campeones,sp,d298c6e5c8be71f5995b45289c6388b225318b3c,0,h264 1920x1080 25.000fps,FHD
M+ Liga de Campeones 9,M+ Liga de Campeones,sp,2d7c4cfb3987b652a779afc894cca2fccbbacf21,0,h264 1024x576 25.000fps,SD
M+ SuperCopa,M+ SuperCopa,sp,f6beccbc4eea4bc0cda43b3e8ac14790a98b61b4,0,h264 1920x1080 25.000fps,FHD
M+ SuperCopa,M+ SuperCopa,sp,b51f2d9a15b6956a44385b6be531bcabeb099d9d,0,h264 25.000fps,
M+ Vamos,M+ Vamos,sp,12ba546d229bc39f01c3c18988a034b215fe6adb,0,h264 1280x720 25.000fps,HD
M+ Vamos,M+ Vamos,sp,d03c13b6723f66155d7a0df3692a3b073fe630f2,0,h264 1280x720 25.000fps,HD
M+ Vamos,M+ Vamos,sp,859bb6295b8d0f224224d3063d9db7cdeca03122,0,h264 1920x1080 50.000fps,FHD
Magenta Sport 1,Magenta Sport,de,501141c649a2b78c4965cbf3257224181cc55072,0,h264 1920x1080 50.000fps,FHD
Magenta Sport 10,Magenta Sport,de,6058a4c0f2569bd81c687aa7dfb48b8a9569fb29,0,h264 1920x1080 50.000fps,FHD
Magenta Sport 11,Magenta Sport,de,c21316ad4b7f44eaf6fcfb2c245c46de8b746cc6,0,h264 1920x1080 50.000fps,FHD
Magenta Sport 2,Magenta Sport,de,ab0d54995bdcea2d8f9f588ef631ebbfb3f5a9ab,0,h264 1920x1080 50.000fps,FHD
Magenta Sport 3,Magenta Sport,de,d0ca51f6145514ee605c2ef5d5a137e2a08c95b8,0,h264 1920x1080 50.000fps,FHD
Magenta Sport 4,Magenta Sport,de,1fb794b1503c5955b75ea0106ee6360b80d78849,0,h264 1920x1080 50.000fps,FHD
Magenta Sport 5,Magenta Sport,de,428b92f3c71cd3cbf66ef6193808b39d16a52730,0,h264 1920x1080 50.000fps,FHD
Magenta Sport 6,Magenta Sport,de,14317c55fadc80ef2b7fb42b3d53e8ccb3b52cd8,0,h264 1920x1080 50.000fps,FHD
Magenta Sport 7,Magenta Sport,de,ac839cda9709255c21a98af455731f037e77a9e4,0,h264 1920x1080 50.000fps,FHD
Magenta Sport 8,Magenta Sport,de,11c5823d4196a90b509f03df1fe78e13cfbbb175,0,h264 1920x1080 50.000fps,FHD
Magenta Sport 9,Magenta Sport,de,86495fe134ff065d5217497babe6be33f81d37d1,0,h264 1920x1080 50.000fps,FHD
Match!,Match!,ru,a203f6b935a8ad8659c4c76c1d9c13afa6368ef2,0,h264 1920x1080 25.000fps,FHD
Match!,Match!,ru,562127ee63e28751d62766d29d9f07073a10425e,0,h264 1980x1920 25.000fps,FHD
Match!,Match!,ru,2bb81a951f3daa6d0cafad118c289e7640d8c935,0,,
Match! Arena,Match!,ru,a1d67cb505881b2b5bc58ce2af367e5e6d26cab5,0,h264 1920x1080 50.000fps,FHD
Match! Country,Match!,ru,ef9c77bd94783448b8edb552109f5f15b2bd82d1,0,h264 1920x1080 25.000fps,FHD
Match! Fighter,Match!,ru,822654b2c0db24d1de149cb21fdd44a3b968fbfa,0,h264 1920x1080 50.000fps,FHD
Match! Football,Match!,ru,94adcdc5a9de993dd11c6d648275cfeb2be6715b,0,h264 1280x720 50.000fps,HD
Match! Football,Match!,ru,78637dab85e7948057165ad0c80b3db475dd9c3d,0,h264 1280x720 50.000fps,HD
Match! Football,Match!,ru,c5a9507c288ec1c7e723f8123b75e566ead562c3,0,h264 1280x720 50.000fps,HD
Match! Football,Match!,ru,e7aa45b8df0cd3a160c7f3e085f1343b00115964,0,h264 1280x720 50.000fps,HD
Match! Football,Match!,ru,4fb7d7f128d371205a6bce4caf4a3d68664728cf,0,h264 1280x720 50.000fps,HD
Match! Football,Match!,ru,b49b412148acd9b64a20eaa5e92b597a9ae9ff85,0,h264 1280x720 50.000fps,HD
Match! Football,Match!,ru,350b2044f1c9e87e18d8fbda1bcc456c22cf9296,0,h264 1920x1080,FHD
Match! Football,Match!,ru,bc99becb2a74f8f455d6dbaa3bd85c6c7e938a6c,0,h264 1920x1080 50.000fps,FHD
Match! Football,Match!,ru,e38b33c56332de27ff25df223cdf488b1ec6051f,0,h264 1920x1080 50.000fps,FHD
Match! Football,Match!,ru,8442b5c7c99e5af57c2c40c1e28153072968988a,0,h264 1920x1080 50.000fps,FHD
Match! Football,Match!,ru,aca05dc506242324c1727525d0535ceda24f8dea,0,h264 1920x1080 50.000fps,FHD
Match! Football,Match!,ru,016d48fb89bb9505ab3f883db1bfb3a7c0a3eccc,0,h264 1920x1080 50.000fps,FHD
Match! Football,Match!,ru,ff880dec641878de1d17b5cf756bb6bf922cad6a,0,,
Match! Football 1,Match!,ru,b28db77c5084da7993395d77df96c30bb134f0a9,0,h264 1920x1080 50.000fps,FHD
Match! Football 2,Match!,ru,ffbf8c687c788d9a1a7c651e24802ee773ff3f04,0,h264 1920x1080 50.000fps,FHD
Match! Football 3,Match!,ru,b6baa046075d82da300fc1b16de96067a8b9540e,0,h264 1920x1080 50.000fps,FHD
Match! Game,Match!,ru,762e1d11f7d07029f316c6f61b8ef73289c6673c,0,h264 1920x1080 50.000fps,FHD
Match! Planet,Match!,ru,106c8656fca0ca91a696110467788d202d7111af,0,h264 720x576 25.000fps,SD
Match! Premier,Match!,ru,4b7c5f21b435d79c823e47572655a9c157a3ba12,0,h264 1920x1080 50.000fps,FHD
Auto 24,Motor,ru,7e515477cf191b1e4e33c7151c7cf84925f16780,0,h264 1920x1080 25.000fps,FHD
Auto Plus,Motor,ru,c3ff9e5243014a19c3cee52159d68fd750eeecb9,0,h264 1920x1080 25.000fps,FHD
Auto Plus,Motor,ru,1b8339aca53dac5e7ee443614a15bd47176904a3,0,h264 720x576 25.000fps,SD
AutoMotorSport,Motor,,6f8d0346cc60da2921ed59d21aed005326e403ec,0,h264 1920x1080 25.000fps,FHD
Drive,Motor,ru,2893ea38cf923c7efcfaf3eead798dd73b2cf2d0,0,h264 720x576 25.000fps,SD
Fast Sports,Motor,,ef21beeb62a9e431ef5f4acb83b4687c8d90e8b0,0,h264 1920x1080 25.000fps,FHD
Fast&Funbox,Motor,ru,c811cde690d467a2e45d3c263c4f0960a3933d18,0,h264 1920x1080 25.000fps,FHD
Motors TV,Motor,,442aeb6643b8836f9d00361c9e48eeb0841ddf98,0,h264 1920x1080 25.000fps,FHD
Motorvision TV,Motor,,4cfe1df9d74eaebadd3958167ad48b69e668a03c,0,h264 1280x720 25.000fps,HD
Motorvision TV,Motor,de,acd7e3ae185a376e6596e60a414bebbf3321b37f,0,h264 720x576 25.000fps,SD
Movistar Plus+,Movistar Plus+,sp,56ac8e227d526e722624675ccdd91b0cc850582f,0,h264 1920x1080 50.000fps,FHD
Nova Sport 2,Nova Sport,,66885064fd0ce81cfd52a1cdcf479aee7aaa95cb,0,h264 1920x1080 25.000fps,FHD
Ocko,Ocko,ru,da7c89b9867d934bc07f7d8c6c3dcd96e16b7728,0,h264 960x540 25.000fps,SD
Ocko,Ocko,ru,b60c3101ec148027c19fff63efb0b0a4c8cedae0,0,h264 960x540 25.000fps,SD
Ocko Star,Ocko,ru,7625ce28a937a16d43a5e424b7545f28a05e5eb5,0,h264 960x540 25.000fps,SD
Football,Otras TV,ru,fce354f24fe26ca527e2c38b14eb7b0c81f756dd,0,h264 1920x1080 25.000fps,FHD
Football,Otras TV,ru,92f8939c7bff6bcb7e6da39379bb3d7a6a76693f,0,h264 1920x1080 25.000fps,FHD
Football,Otras TV,ru,91dbefa490386529fe80b6a444e08746a735b427,0,,
Abu Dhabi Sports 4,Otras TV,ar,685ad01b8a951ccd19369ea7d4dc20659c547cfa,0,,
ACETOP-1,Otras TV,,2b0acad014567bbbe0664904af8c001754283eb1,0,h264 1280x720 50.000fps,HD
Arena Sport 1,Otras TV,,3dc431b867d01ac01aa5660e0b8d2804e5c031bf,0,h264 1920x1080 25.000fps,FHD
BBC,Otras TV,po,68822500e44ec333c33877c9f602ea47a4791106,0,h264 1920x1080 50.000fps,FHD
BBC,Otras TV,,ecdae1aa2e389c8e2cf91ba0f342d4ef3c6946dd,0,h264 854x480 25.000fps,SD
Belarus 5,Otras TV,ru,3e1f6de8444abb15efeadb97952d6324e5b6ed9f,0,h264 1920x1080 25.000fps,FHD
Canal 24 Horas Catalunya,Otras TV,,2191383ed85d20f5f6759785e14a4aff8a3ab8f4,0,h264 1280x720 25.000fps,HD
Canal1,Otras TV,,87b5e4457dc8fbcab6e9b12bf2dee1c4c7b27314,0,h264 1920x1080 50.000fps,FHD
Equestrian World,Otras TV,ru,96951e5de62a3e7095a1ed8a191817c8935e7017,0,h264 1920x1080 25.000fps,FHD
Equestrian World,Otras TV,ru,e0a01345b470405597b3b919cf8396bd8380f8d4,0,,
ETB1,Otras TV,,fb5156912c35d5013442ffdedc11d2679fc5a520,0,h264 1280x720 25.000fps,HD
Euro1 Deportes,Otras TV,,32ae78f7f26e931fef9af6b0c36a1379935ed800,0,h264 960x540 30.000fps,SD
Extreme Sports,Otras TV,po,73ff07648e367efebd94636047b07625f664a082,0,h264 1920x1080 50.000fps,FHD
Golf Channel,Otras TV,,6561c4780818de5a50303850a791c706e3a3bb08,0,h264 720x576 25.000fps,SD
Hockey,Otras TV,ru,99f0646986e9266836dd79047dedecb04e243857,0,h264 1920x1080 25.000fps,FHD
KHL,Otras TV,ru,dcda9de85f7d662c5c3c2efd74eca0fb5c6aab3b,0,h264 1920x1080 25.000fps,FHD
KHL,Otras TV,ru,aa6c193b9de1e6b6277e3075299fdeea925e2dc0,0,h264 1920x1080 25.000fps,FHD
M+ Golf,Otras TV,sp,872608e734992db636eb79426802cd08f4029afb,0,h264 1920x1080 25.000fps,FHD
NBA TV,Otras TV,en,e72d03fb9694164317260f684470be9ab781ed95,0,h264 1920x1080,FHD
nSport+,Otras TV,po,5f595b1bbade5e7c915d99f90645f4c30d4ba540,0,h264 1920x1080 50.000fps,FHD
ONEGOLF,Otras TV,,60e1595db53c6af5339b50ad21d957ad9a44a311,0,h264 1280x720 50.000fps,HD
OPEN TV,Otras TV,gr,59df9074716d2787ab893106a39cf68bc9590ec2,0,h264 1024x576 25.000fps,SD
ORF SPORT+,Otras TV,de,0dfa37340ca0300a41f7a78bd3a0f024c3296974,0,h264 1280x720 50.000fps,HD
ProSieben Maxx,Otras TV,de,40d73c46051360ce2ba7b329725440dc74d485f2,0,h264 1920x1080 50.000fps,FHD
SPORTDIGITAL FUSSBALL,Otras TV,,be8c5ddaa6e4e407e9e9a46f0d2a06f17ff631bd,0,,
Sports Grid,Otras TV,,208f217cd845cceeb7eaffaf91fdeba6343b662a,0,h264 1920x1080 30.000fps,FHD
Sporty,Otras TV,ru,9de986964590ddac7631ab22fcf8d48e375db140,0,,
TIVIBU SPOR 1 TR,Otras TV,tr,d33093d67623093d00838c943933ef47c2f765ad,0,,
Trace Sport,Otras TV,,f7ccf1c28a7a01dcc04fb1ef1c55170ad74b23f5,0,h264 1280x720 25.000fps,HD
Trace Sport Stars,Otras TV,,d17fe64f7e85f4cb7261a97f495117598fc0351f,0,,
Turkmenistan Sport,Otras TV,tr,7dc7f53608599ed959a53ebe39798cb400308f0c,0,h264 720x406 25.000fps,SD
Turkmenistan Sport,Otras TV,tr,f4a2f4e3c9b1f4b88b1aa4065ce3052951beb713,0,h264 720x406 25.000fps,SD
Turkmenistan Sport,Otras TV,tr,c3f5acd35086090c5fc815b961006630248b7dc0,0,h264 720x406 25.000fps,SD
Türkmenistan Sport,Otras TV,tr,b0b7080c2fa738de5fd0238a422666622d1e7a22,0,h264 720x406 25.000fps,SD
Türkmenistan Sport,Otras TV,tr,81f6194681ea3d4b61e8f6c456ca430bcfd908f1,0,h264 720x406 25.000fps,SD
Türkmenistan Sport,Otras TV,tr,fbcc3253e42eaa1a569f789624fcd67a6861dc3a,0,h264 720x406 25.000fps,SD
TV TORUŃ,Otras TV,po,25cd93890d84463ec99994687c3e25256454be36,0,h264 1920x1080 25.000fps,FHD
TV3 Sport,Otras TV,,741902a91284c93269d831eb5a9be1b3015b9879,0,,
TV3 Sport 2,Otras TV,,b37906fc8bae88674c0325858d962be396934aa9,0,,
TVP Sport,Otras TV,po,d6f0a6377c31f68b1c1c071e0a8f9f105a455867,0,h264 1920x1080 25.000fps,FHD
Viasat Sport,Otras TV,ru,dec96c86080c26ddf667ea90adfb513a40007a0b,0,h264 1920x1080 25.000fps,FHD
Viasat Sport,Otras TV,ru,c41c04996e389c1a7579d01a25c7b4634f390d44,0,,
ViP Sport Fint GA 1,Otras TV,,38ea10d691cbd9a4812e192a6c7a8dc17f3f75e0,0,,
ViP Sport Fint GA 2,Otras TV,,c5c77d77e6f9930a8a8e3be9febbc64c2f3e1c79,0,,
ViP Sport Fint GA 4,Otras TV,,941e77b24c012c3b4098d96643038ecadba18312,0,,
World of Basketball,Otras TV,ru,c4acde347445b0a07a9e8695b4254bee2b2df570,0,h264 1920x1080 25.000fps,FHD
Polsat Sport,Polsat Sport,po,92b6ba09dae4bbb8a67a405125d08ca8d15380ee,0,h264 1920x1080 50.000fps,FHD
Polsat Sport Extra,Polsat Sport,po,ef2cf11fc83f4f15a33c9a514a7afd2bce73122f,0,h264 1920x1080 50.000fps,FHD
Polsat Sport Fight,Polsat Sport,po,9e7fe279f421b734a8af9e68320955fd16f80b4b,0,h264 1920x1080 50.000fps,FHD
Polsat Sport Premium 1,Polsat Sport,po,4ce55db7e578ff52a6e526cf610e477464b8a99f,0,h264 1920x1080 50.000fps,FHD
Polsat Sport Premium 2,Polsat Sport,po,3147c586346aee00c005d1caa55204d38678c95f,0,h264 1920x1080 25.000fps,FHD
Premier Sports 1,Premier Sports,en,75a56863b6fe0407ad4305b4d7ee5643c3923565,0,h264 1920x1080 50.000fps,FHD
Premier Sports 2,Premier Sports,en,4903ca695edb64bc72ae29eb85a5333ba0139537,0,h264 1920x1080 50.000fps,FHD
Real Madrid TV,Real Madrid TV,sp,5877ce180e7545117ff8b58a36821973850c6bba,0,h264 1920x1080 29.970fps,FHD
Real Madrid TV,Real Madrid TV,sp,8c03fbe8d4ae210cceae65c5aa12ac0b53793726,0,h264 1280x720 30.000fps,HD
Real Madrid TV,Real Madrid TV,sp,0ec3f3786318acd8dca2588f74c3759cda76cd11,0,h264 720x408 25.000fps,SD
Real Madrid TV,Real Madrid TV,sp,0827cf7d290967985892965c6e61244a479d6dcd,0,h264 720x408 25.000fps,SD
Redbull,Redbull,en,62daab1c54565d0c5ba4e3c660f3a4a5c93adc8a,0,h264 1280x720 30.000fps,HD
Redbull,Redbull,en,647d19df70ee35100d0e95bc62ddebeebec1fabb,0,h264 1280x720 30.000fps,HD
Redbull,Redbull,en,fefd91766cef2af2bf4ded328633fb01051d6df9,0,h264 1280x720 30.000fps,HD
Redbull,Redbull,en,f1e1e9cce7297a749a5bb2e75c1520f9ce73a83b,0,h264 1920x1080 30.000fps,FHD
Redbull,Redbull,en,f84c515f96b1f94ec7ca63aec4a77ac8e0da5bbf,0,h264 1920x1080 30.000fps,FHD
Redbull,Redbull,en,a5e41e71773883c1375518bcb221c11943276fe2,0,h264 1920x1080 30.000fps,FHD
Redbull,Redbull,en,5c2978ab5db3a67e6ecce175fa31c410cb24c4ed,0,h264 1920x1080 30.000fps,FHD
Redbull,Redbull,en,05f4b81a5b278b0afb2cf8486d01e4742768a278,0,h264 1920x1080 30.000fps,FHD
Redbull,Redbull,en,4384c03114340ee527b6c9ab123a5a01acab1a9c,0,h264 960x540 30.000fps,SD
Redbull,Redbull,en,5c845cc0bf1524561ccf84cf0d9eb40b1fcb1d0e,0,h264 960x540 30.000fps,SD
Redbull,Redbull,en,0410ceaa4391ec506ab4843230d5c25e37ac3df6,0,h264 960x540 30.000fps,SD
Redbull,Redbull,en,346b4ff65f6de9028c80cc1b883aac10be36e536,0,h264 960x540 30.000fps,SD
Redbull,Redbull,en,54c800c8ef16e700060ce1a5f1541aba070519f6,0,h264 960x540 30.000fps,SD
Redbull,Redbull,en,514fbb26789b27f01018d82561fa65bb4dda6f97,0,h264 960x540 30.000fps,SD
Redbull,Redbull,en,cc12e4be960b8879f461b7bcb37133774eeccfa2,0,h264 1920x1080 30.000fps,FHD
Redbull,Redbull,en,a0270364634d9c49279ba61ae3d8467809fb7095,0,h264 1280x720 30.000fps,HD
RTL HD,RTL+ SPORT,de,bc9610c2cb92a71a5c17f357d66719fa1c054ced,0,h264 1920x1080 25.000fps,FHD
RTL+ SPORT EVENT 1,RTL+ SPORT,de,a7319ebd54cb1db9a9db1574929ca8d305a323d3,0,h264 1920x1080 50.000fps,FHD
RTL+ SPORT EVENT 10,RTL+ SPORT,de,e6cce13cb4005ec3c7d77db47865385927a7ab7e,0,h264 1920x1080 50.000fps,FHD
RTL+ SPORT EVENT 2,RTL+ SPORT,de,e360a96fb4bbe1cb8a7862a6514c4c284eeec466,0,h264 1920x1080 50.000fps,FHD
RTL+ SPORT EVENT 3,RTL+ SPORT,de,8b3c5f9ec938c3d3950bc4c989428d266bd4bd5b,0,h264 1920x1080 50.000fps,FHD
RTL+ SPORT EVENT 4,RTL+ SPORT,de,784da1ced871f6d3f6bf25f29664bfd39f6130a6,0,h264 1920x1080 50.000fps,FHD
RTL+ SPORT EVENT 5,RTL+ SPORT,de,81284e9a279ee23cbc4a7400bd9531f127d20fe5,0,h264 1920x1080 50.000fps,FHD
RTL+ SPORT EVENT 6,RTL+ SPORT,de,c065ab169f75ced1d34fbcab6b84a5fa4ca73e30,0,h264 1920x1080 50.000fps,FHD
RTL+ SPORT EVENT 7,RTL+ SPORT,de,eec3f8107e008cec3679f76e078deeefd1348a3e,0,h264 1920x1080 25.000fps,FHD
RTL+ SPORT EVENT 8,RTL+ SPORT,de,ce4ae0c3491acd4272340029139ba25642e2516b,0,h264 1920x1080 50.000fps,FHD
RTL+ SPORT EVENT 9,RTL+ SPORT,de,32779a8a8cd7bfcb0d45ebe68f28457e4b3aeae4,0,h264 1920x1080 25.000fps,FHD
RTL+ SPORT EVENT 9,RTL+ SPORT,de,a435581e6cba56972e48cf4519d1b2af735eec2f,0,h264 1920x1080 50.000fps,FHD
RU: SPORT,RU: SPORT,ru,268a9f5854b97bdb4fc07923d05b12a299111de7,0,h264 1920x1080 25.000fps,FHD
RU: SPORT,RU: SPORT,ru,dcdbd53f3d4d3efe0155e9cb20b9ea43363cb563,0,h264 854x480 25.000fps,SD
Setanta Sports,Setanta Sports,ua,f062d7451d902ffd7ab4b59af0daf0ca989ff71a,0,,
Setanta Sports,Setanta Sports,ua,0652d714ea4d4797793dc5075de75c948e7e083f,0,,
Setanta Sports 1,Setanta Sports,ru,42fe2ce3ef6b92653a74d85b6e98c2ba0abee707,0,h264 1920x1080 25.000fps,FHD
Setanta Sports 2,Setanta Sports,ru,f6d68cfa8694f814983f2a5757f4e0c4964b880c,0,h264 1920x1080 25.000fps,FHD
Setanta Sports 2,Setanta Sports,ua,85067c5068fa3d551789f54615d0cf3895d93e08,0,,
Setanta Sports 3,Setanta Sports,ua,75077fc56c4599068c8a50dc68119610284c3190,0,h264 1920x1080 50.000fps,FHD
Sky Sports 1,Sky Sports,de,88c50cf8bf78a18d89c9efb3805d5a12e04c31b9,0,h264 1920x1080 50.000fps,FHD
Sky Sports 1,Sky Sports,de,7c12288663069a12aff58f3f62e8ea47ab78c65d,0,h264 1920x1080,FHD
Sky Sports 2,Sky Sports,de,fc9f1f580da8f641a5991d44b399982a3a069f69,0,h264 1920x1080 50.000fps,FHD
Sky Sports Arena,Sky Sports,en,d317a003e8047da2c36a2a2bb2289578c9a3b79c,0,h264 1920x1080 50.000fps,FHD
Sky Sports Bundesliga 1,Sky Sports,de,38d8789a448dd0eaf99e0274b555974e4e8f3f3b,0,h264 1920x1080 50.000fps,FHD
Sky Sports Cricket,Sky Sports,,6d95e4b0893e155cc674b84e0763150c445d3ddd,0,h264 1920x1080 50.000fps,FHD
Sky Sports F1,Sky Sports,de,b04372b9543d763bd2dbd2a1842d9723fd080076,0,h264 1920x1080 50.000fps,FHD
Sky Sports Football,Sky Sports,,8dbe2d515e9131fa311353537736f8c94be9b26d,0,h264 1920x1080 50.000fps,FHD
Sky Sports Football,Sky Sports,,eab7aeef0218ce8b0752e596e4792b69eda4df5e,0,h264 1920x1080 50.000fps,FHD
Sky Sports News,Sky Sports,de,07cab7f4a1a4ecc0ed35bea52346f1b79b1016a8,0,h264 1920x1080 25.000fps,FHD
Sky Sports Premier League,Sky Sports,en,ec5eabe0144ccfffc337e1d6708e2afb81d0638e,0,h264 1920x1080 50.000fps,FHD
Sport 1 Baltic,Sport Klub,,2dacdd76f0ee765e7bacdc6687c375b68723e592,0,h264 1920x1080 25.000fps,FHD
Sport 1 Baltic,Sport Klub,,3e4ff574a14a232dd6ae370b36a0d21276be3b62,0,,
Sport 1 IL,Sport Klub,,ad723956cbe2f565cf5fa965665a47d8d4bbc4aa,0,,
Sport 2 Baltic,Sport Klub,,d9f167db346401107e8c57d4f99a79e60cc7dcea,0,,
Sport 3 IL,Sport Klub,,0724d20fea05ae104b76c9ea4e00e367235c329a,0,,
Sport 4 IL,Sport Klub,,0cc6a3d9cab21337f2e7e227608e535622e58186,0,,
Sport 5 Gold IL,Sport Klub,,0cd456d8a5b37778426ff6503677334e0abbe4f2,0,,
Sport 5 IL,Sport Klub,,503955701ee8f5d388998663ee85926bfe84feb3,0,,
Sport 5 Live IL,Sport Klub,,39c1d737ba83357998e1e2edb5ac7f937c7c693b,0,,
Sport Digital,Sport Klub,de,5e94200ae8b1d95cb559fb150e5993d92e15d4e7,0,h264 1920x1080 50.000fps,FHD
Sport Klub,Sport Klub,po,35575a31d76f6c5f5e9e6364dacfdeca3b85f2ee,0,h264 1920x1080 50.000fps,FHD
SPORT1,SPORT1,de,1950633a3723cb52b17c764125decc04445bd5ff,0,h264 1280x1080 25.000fps,HD
SPORT1,SPORT1,de,638c168e9a98b0826ca3b5275a07ee1082c5c269,0,,
SPORT1+,SPORT1,de,e61b6538df35e5016635dfa2b3073f5b82ee4c2b,0,h264 1920x1080 25.000fps,FHD
Start,Start,ru,4b129146077c1e357e4ab341448b9fb629f939dc,0,h264 1920x1080 25.000fps,FHD
Start,Start,ru,825e7e0f80441819cfd29d87c3659e520c25b616,0,,
Start,Start,ru,9bc36a29862e841fe4af5d32c3100aa3f07a3172,0,,
SuperTennis,Tenis,it,b58dbf92765976b308695f62dea94b00b40730ee,0,h264 1440x1080 25.000fps,HD
Tennis Channel,Tenis,en,039fae21c9e7e5214d3d898cba80863e37e623ac,0,h264 1920x1080 59.940fps,FHD
TNT Sports 1,TNT Sports,en,fc5089d8e1519872fdf951779ccbca913acc9bce,0,h264 1920x1080 25.000fps,FHD
TNT Sports 1,TNT Sports,en,efc60cfe5e3a349baa02bcc49f6647c21a9c3c5b,0,h264 1920x1080 25.000fps,FHD
TNT Sports 1,TNT Sports,en,06fd695a8353f40d6586db7c778a5862554c09d1,0,,
TNT Sports 2,TNT Sports,en,d63d8a57cf471394bfa9f619bbd68b01ae27a801,0,h264 1920x1080 25.000fps,FHD
TNT Sports 2,TNT Sports,en,927996b8192c7cc6bf768d52528c8e4198294328,0,,
TNT Sports 3,TNT Sports,en,5f966c123759de46dff29c379266b7a403452033,0,h264 1920x1080 25.000fps,FHD
TNT Sports 3,TNT Sports,en,22fead867a8657cfb58cd84245e18954ab199db3,0,,
La 1 TVE,TVE,sp,d7bb054b103a1f51b44518dcb80ef23370133d40,0,h264 1280x720 25.000fps,HD
La 1 TVE,TVE,sp,b897de3e62d7c6bee9ef1107d972f3d1075e03ff,0,h264 1280x720 25.000fps,HD
Teledeporte,TVE,sp,ce473aab8e9232071c777c6d778a476fab818955,0,h264 1280x720 25.000fps,HD
Ziggo Sport,Ziggo Sport,nl,7f50e06f715720e944cce35fa90b6b7a8db04b2e,0,h264 1280x720 25.000fps,HD
Ziggo Sport,Ziggo Sport,nl,36dfc36084b2138d3451c4700b462ac1094d693d,0,h264 1920x1080 25.000fps,FHD
Ziggo Sport,Ziggo Sport,nl,fcd7621df513f600652b4813d5d8fd1daed60058,0,h264 1920x1080 50.000fps,FHD
Ziggo Sport,Ziggo Sport,nl,868a6187d6aeec65ded84bd777814c9f7b7a9027,0,h264 720x576 50.000fps,SD
Ziggo Sport,Ziggo Sport,nl,9231f38e71a85ad24b4c11a5e360992e30c916ed,0,h264 720x576 50.000fps,SD
